timestamp,asset_type,asset_id,wind_speed,rotor_speed,gearbox_temp,power_output,panel_voltage,panel_current,module_temp,irradiance,ambient_temp,humidity,wind_speed_weather,irradiance_weather,precipitation,failure_type,RUL_hours
2025-01-01 00:00:00,wind,WT_2,15.31,22.29,73.09,198.37,,,,,30.63,63.72,6.24,416.95,0.8,inverter_failure,7
2025-01-01 01:00:00,solar,SP_1,,,,,33.67,6.18,45.74,759.49,40.46,54.19,6.93,657.39,0.23,normal,334
2025-01-01 02:00:00,wind,WT_5,13.83,22.44,64.55,208.26,,,,,26.82,49.78,5.33,513.34,2.32,normal,363
2025-01-01 03:00:00,solar,SP_4,,,,,34.2,6.66,66.75,795.09,27.88,73.52,9.28,421.5,0.08,normal,206
2025-01-01 04:00:00,wind,WT_1,17.43,20.99,66.77,109.89,,,,,24.04,75.9,6.06,526.54,1.9,normal,215
2025-01-01 05:00:00,solar,SP_5,,,,,32.79,7.62,45.38,696.06,31.12,87.88,13.63,969.96,1.12,normal,320
2025-01-01 06:00:00,wind,WT_2,12.42,25.36,75.02,175.85,,,,,27.61,62.25,10.79,620.13,2.56,normal,385
2025-01-01 07:00:00,solar,SP_1,,,,,26.48,5.91,49.55,720.66,30.38,79.97,11.86,566.16,1.8,normal,361
2025-01-01 08:00:00,wind,WT_4,9.32,15.23,61.44,133.7,,,,,26.11,82.56,9.98,663.23,1.01,gearbox_failure,41
2025-01-01 09:00:00,solar,SP_1,,,,,32.63,5.07,34.06,597.45,30.97,81.06,6.26,764.83,1.75,normal,325
2025-01-01 10:00:00,wind,WT_5,9.59,20.52,47.23,57.26,,,,,29.48,87.57,7.49,726.16,3.44,panel_hotspot,33
2025-01-01 11:00:00,solar,SP_2,,,,,33.54,5.18,50.33,719.66,20.35,46.71,10.5,543.46,2.47,normal,384
2025-01-01 12:00:00,wind,WT_2,14.95,14.68,67.85,129.37,,,,,41.88,67.56,13.1,497.29,2.72,normal,203
2025-01-01 13:00:00,solar,SP_4,,,,,35.12,5.18,47.43,669.14,27.77,41.73,6.56,442.95,1.56,panel_hotspot,10
2025-01-01 14:00:00,wind,WT_5,10.58,21.43,49.8,111.32,,,,,25.4,79.92,14.13,628.53,3.79,normal,422
2025-01-01 15:00:00,solar,SP_5,,,,,41.03,8.16,45.5,582.82,29.55,45.61,8.8,640.13,2.83,generator_failure,41
2025-01-01 16:00:00,wind,WT_5,8.47,20.39,58.34,73.23,,,,,27.17,51.07,8.1,607.82,4.45,normal,254
2025-01-01 17:00:00,solar,SP_2,,,,,39.88,7.03,41.73,729.0,31.34,64.37,9.29,723.37,2.26,normal,345
2025-01-01 18:00:00,wind,WT_3,16.07,10.98,65.76,86.48,,,,,25.78,46.62,9.18,538.01,0.27,normal,452
2025-01-01 19:00:00,solar,SP_3,,,,,41.12,5.09,48.35,748.31,26.26,83.31,13.27,533.91,3.77,normal,304
2025-01-01 20:00:00,wind,WT_5,9.45,21.89,41.44,57.4,,,,,27.71,63.14,6.9,719.74,1.81,normal,333
2025-01-01 21:00:00,solar,SP_5,,,,,43.17,5.72,40.19,745.33,34.56,66.61,12.62,711.65,2.71,normal,383
2025-01-01 22:00:00,wind,WT_5,9.7,12.65,57.67,24.18,,,,,28.09,50.73,6.01,725.96,2.07,normal,375
2025-01-01 23:00:00,solar,SP_5,,,,,36.31,7.05,30.22,620.91,29.25,69.63,7.41,548.27,2.0,normal,241
2025-01-02 00:00:00,wind,WT_2,9.39,8.03,47.59,59.51,,,,,30.52,42.14,12.6,593.9,2.83,normal,370
2025-01-02 01:00:00,solar,SP_5,,,,,38.67,6.36,49.8,501.58,22.24,60.81,10.89,743.55,1.8,normal,348
2025-01-02 02:00:00,wind,WT_2,13.76,18.08,57.54,94.76,,,,,25.95,40.3,11.56,496.7,2.59,panel_hotspot,34
2025-01-02 03:00:00,solar,SP_5,,,,,31.61,5.71,44.56,722.4,27.04,80.44,10.86,323.92,2.49,gearbox_failure,16
2025-01-02 04:00:00,wind,WT_4,12.79,18.98,68.2,204.48,,,,,36.52,86.82,4.09,584.63,2.01,inverter_failure,38
2025-01-02 05:00:00,solar,SP_1,,,,,37.15,4.41,41.73,635.18,26.72,50.19,10.03,761.21,2.2,panel_hotspot,3
2025-01-02 06:00:00,wind,WT_2,13.92,23.88,64.19,173.51,,,,,33.62,46.32,9.68,704.23,0.42,normal,268
2025-01-02 07:00:00,solar,SP_4,,,,,34.9,4.47,52.75,663.78,36.94,67.14,11.64,597.9,1.79,gearbox_failure,2
2025-01-02 08:00:00,wind,WT_4,14.15,25.6,52.17,214.43,,,,,25.98,71.66,9.81,699.66,3.17,normal,366
2025-01-02 09:00:00,solar,SP_3,,,,,33.43,5.03,45.01,769.68,31.72,42.56,8.29,667.28,1.94,normal,469
2025-01-02 10:00:00,wind,WT_4,11.98,13.45,65.01,132.89,,,,,37.89,80.45,4.89,397.64,2.55,normal,245
2025-01-02 11:00:00,solar,SP_1,,,,,26.82,6.15,43.51,525.91,26.02,56.44,17.73,558.33,2.76,normal,461
2025-01-02 12:00:00,wind,WT_5,8.77,17.53,77.4,53.51,,,,,30.98,74.4,13.12,684.34,0.51,panel_hotspot,19
2025-01-02 13:00:00,solar,SP_4,,,,,35.85,5.4,53.71,662.51,26.2,77.44,7.86,609.0,2.57,normal,328
2025-01-02 14:00:00,wind,WT_5,5.53,23.79,69.77,155.81,,,,,28.45,41.52,10.53,296.4,1.86,normal,478
2025-01-02 15:00:00,solar,SP_4,,,,,28.78,5.54,30.26,635.38,19.66,51.69,11.1,550.08,2.76,normal,481
2025-01-02 16:00:00,wind,WT_5,12.23,18.3,59.48,108.7,,,,,24.71,67.68,11.08,693.92,0.04,normal,457
2025-01-02 17:00:00,solar,SP_2,,,,,39.18,5.89,44.81,506.31,39.42,81.26,16.22,490.62,2.45,gearbox_failure,39
2025-01-02 18:00:00,wind,WT_5,12.27,23.28,55.6,170.41,,,,,30.29,82.4,9.14,630.53,3.23,normal,346
2025-01-02 19:00:00,solar,SP_2,,,,,35.97,5.02,51.53,565.42,41.79,79.52,9.45,480.39,1.6,normal,384
2025-01-02 20:00:00,wind,WT_4,14.86,20.97,45.4,127.63,,,,,31.73,77.41,1.08,639.82,2.85,normal,295
2025-01-02 21:00:00,solar,SP_2,,,,,45.07,5.85,42.21,717.5,30.21,81.65,10.42,749.41,2.14,normal,383
2025-01-02 22:00:00,wind,WT_5,10.03,19.87,70.37,84.08,,,,,23.8,51.54,13.78,435.74,1.73,normal,292
2025-01-02 23:00:00,solar,SP_4,,,,,31.82,3.78,45.47,646.16,35.64,87.94,15.49,393.7,3.98,normal,414
2025-01-03 00:00:00,wind,WT_3,10.33,17.83,58.92,87.28,,,,,33.98,48.57,8.33,555.56,3.06,normal,324
2025-01-03 01:00:00,solar,SP_1,,,,,40.88,6.2,43.22,691.21,30.06,58.86,6.51,749.57,1.82,inverter_failure,36
2025-01-03 02:00:00,wind,WT_2,11.06,16.66,53.71,77.65,,,,,24.04,75.74,8.77,592.21,3.17,normal,412
2025-01-03 03:00:00,solar,SP_3,,,,,36.54,6.89,45.79,782.29,31.2,56.82,4.62,535.48,0.8,normal,466
2025-01-03 04:00:00,wind,WT_5,9.7,13.44,49.43,100.11,,,,,26.09,82.97,7.16,549.8,1.49,normal,293
2025-01-03 05:00:00,solar,SP_5,,,,,32.53,5.18,39.32,574.24,30.03,88.75,10.36,740.32,2.78,normal,428
2025-01-03 06:00:00,wind,WT_5,12.1,11.91,50.86,-1.28,,,,,34.5,72.44,1.43,522.3,2.05,normal,334
2025-01-03 07:00:00,solar,SP_5,,,,,29.16,3.8,48.35,735.06,31.27,88.53,15.28,535.83,2.06,normal,303
2025-01-03 08:00:00,wind,WT_1,4.73,15.15,52.57,143.35,,,,,20.78,73.45,9.59,699.07,2.53,normal,365
2025-01-03 09:00:00,solar,SP_3,,,,,41.59,5.3,41.66,581.71,26.52,83.87,10.26,714.5,0.4,normal,225
2025-01-03 10:00:00,wind,WT_5,11.74,22.6,48.69,110.39,,,,,30.52,89.97,13.18,463.2,2.99,generator_failure,12
2025-01-03 11:00:00,solar,SP_5,,,,,32.65,5.65,47.74,661.13,33.58,88.11,10.26,539.06,0.06,normal,304
2025-01-03 12:00:00,wind,WT_2,16.02,20.24,44.82,194.44,,,,,27.77,56.52,7.11,492.85,1.17,normal,359
2025-01-03 13:00:00,solar,SP_3,,,,,37.55,6.39,48.54,770.26,33.1,66.63,13.27,598.36,3.01,normal,316
2025-01-03 14:00:00,wind,WT_5,10.19,22.55,66.81,131.28,,,,,26.55,45.67,4.99,517.41,1.13,normal,324
2025-01-03 15:00:00,solar,SP_5,,,,,36.09,7.04,54.33,668.64,23.67,68.96,14.33,409.29,1.28,normal,344
2025-01-03 16:00:00,wind,WT_2,10.75,17.72,55.7,23.71,,,,,17.16,70.1,10.98,672.78,2.67,normal,219
2025-01-03 17:00:00,solar,SP_4,,,,,36.41,5.04,49.57,661.87,28.68,52.45,10.82,800.48,0.58,normal,216
2025-01-03 18:00:00,wind,WT_1,9.13,19.85,74.83,101.89,,,,,34.11,50.32,10.79,433.28,1.46,panel_hotspot,50
2025-01-03 19:00:00,solar,SP_5,,,,,34.51,7.39,45.0,823.47,39.2,75.4,13.74,711.6,3.26,normal,415
2025-01-03 20:00:00,wind,WT_1,13.66,26.8,60.66,251.39,,,,,26.8,85.77,7.39,630.2,2.69,normal,244
2025-01-03 21:00:00,solar,SP_3,,,,,29.79,5.3,51.47,827.17,26.73,60.46,9.62,542.47,0.91,inverter_failure,42
2025-01-03 22:00:00,wind,WT_4,9.29,20.88,55.39,205.61,,,,,28.09,49.74,8.83,562.86,0.49,normal,207
2025-01-03 23:00:00,solar,SP_4,,,,,28.33,6.69,50.41,684.78,37.52,55.39,11.07,710.71,4.01,normal,495
2025-01-04 00:00:00,wind,WT_5,10.59,22.73,57.24,141.53,,,,,27.15,78.56,5.19,505.5,2.22,normal,440
2025-01-04 01:00:00,solar,SP_5,,,,,24.64,4.85,52.3,639.94,28.89,87.06,11.43,540.08,2.81,gearbox_failure,4
2025-01-04 02:00:00,wind,WT_4,11.41,26.35,48.54,248.66,,,,,33.31,58.37,6.86,679.77,2.7,normal,260
2025-01-04 03:00:00,solar,SP_1,,,,,28.89,6.57,42.36,715.81,32.04,75.81,6.66,720.9,1.56,normal,422
2025-01-04 04:00:00,wind,WT_5,18.99,14.9,49.69,129.08,,,,,35.98,64.01,9.63,317.33,2.72,normal,392
2025-01-04 05:00:00,solar,SP_5,,,,,37.54,6.69,34.6,846.91,28.68,49.03,13.44,621.06,1.99,gearbox_failure,37
2025-01-04 06:00:00,wind,WT_4,13.48,18.72,61.76,62.22,,,,,25.38,63.4,10.55,709.98,0.65,inverter_failure,28
2025-01-04 07:00:00,solar,SP_3,,,,,36.24,5.37,38.52,975.91,26.25,51.04,10.25,545.2,3.03,gearbox_failure,22
2025-01-04 08:00:00,wind,WT_5,14.89,15.44,43.37,98.44,,,,,28.57,43.72,8.8,838.11,3.29,normal,202
2025-01-04 09:00:00,solar,SP_1,,,,,28.12,5.93,66.88,612.78,34.31,70.0,8.44,811.87,2.88,normal,337
2025-01-04 10:00:00,wind,WT_2,12.57,22.48,55.76,240.28,,,,,30.07,47.67,5.81,625.55,1.75,normal,433
2025-01-04 11:00:00,solar,SP_1,,,,,35.05,4.95,39.38,623.84,36.5,75.01,13.06,402.4,2.59,normal,270
2025-01-04 12:00:00,wind,WT_5,17.64,20.5,46.29,182.04,,,,,36.26,85.43,10.26,422.57,1.41,normal,281
2025-01-04 13:00:00,solar,SP_4,,,,,37.01,6.71,37.94,550.92,33.6,67.17,7.67,938.29,2.87,normal,481
2025-01-04 14:00:00,wind,WT_2,9.66,23.75,53.92,97.57,,,,,33.7,46.57,8.21,754.19,2.06,panel_hotspot,15
2025-01-04 15:00:00,solar,SP_4,,,,,32.45,4.72,31.01,634.66,32.92,78.08,13.1,679.57,1.51,normal,414
2025-01-04 16:00:00,wind,WT_4,9.83,17.92,64.58,41.62,,,,,26.11,61.27,12.36,346.74,1.68,generator_failure,24
2025-01-04 17:00:00,solar,SP_4,,,,,34.33,4.08,43.31,626.3,24.06,42.38,10.47,371.48,3.21,normal,370
2025-01-04 18:00:00,wind,WT_3,12.44,15.65,63.79,118.73,,,,,31.27,84.75,11.16,507.23,1.94,normal,395
2025-01-04 19:00:00,solar,SP_5,,,,,26.77,7.19,44.18,819.72,24.51,56.89,8.74,545.41,1.71,normal,421
2025-01-04 20:00:00,wind,WT_4,14.48,21.58,57.35,216.98,,,,,36.25,50.06,7.91,705.23,2.18,normal,283
2025-01-04 21:00:00,solar,SP_3,,,,,26.62,6.24,44.39,564.12,36.07,59.32,12.66,429.06,1.96,normal,208
2025-01-04 22:00:00,wind,WT_3,16.81,14.95,52.58,138.26,,,,,36.04,67.86,11.1,722.87,1.72,normal,219
2025-01-04 23:00:00,solar,SP_5,,,,,33.61,6.16,49.95,744.61,30.61,40.73,14.2,460.1,2.88,normal,468
2025-01-05 00:00:00,wind,WT_4,10.97,17.33,53.79,151.46,,,,,24.79,50.25,10.43,442.06,1.29,normal,330
2025-01-05 01:00:00,solar,SP_3,,,,,27.84,7.46,49.88,820.31,25.68,57.71,8.69,234.51,1.36,normal,454
2025-01-05 02:00:00,wind,WT_2,11.71,11.52,51.83,38.48,,,,,37.44,48.81,11.67,419.81,1.42,normal,425
2025-01-05 03:00:00,solar,SP_4,,,,,39.41,4.99,44.61,755.51,35.41,54.42,5.51,578.55,1.97,normal,426
2025-01-05 04:00:00,wind,WT_5,12.42,20.63,66.25,127.54,,,,,22.8,62.31,11.81,767.49,3.09,normal,368
2025-01-05 05:00:00,solar,SP_2,,,,,35.73,6.17,35.21,766.66,30.43,44.98,11.74,645.16,0.86,normal,338
2025-01-05 06:00:00,wind,WT_3,11.36,18.09,58.66,149.95,,,,,18.2,83.5,10.44,364.93,3.1,normal,434
2025-01-05 07:00:00,solar,SP_1,,,,,44.22,5.0,58.94,692.59,31.89,60.05,10.94,477.85,2.7,gearbox_failure,14
2025-01-05 08:00:00,wind,WT_5,6.19,16.82,70.07,-3.97,,,,,34.87,63.25,5.32,577.99,2.19,normal,464
2025-01-05 09:00:00,solar,SP_4,,,,,29.97,6.99,44.8,821.4,31.26,41.3,16.6,635.44,1.0,normal,315
2025-01-05 10:00:00,wind,WT_3,12.88,15.44,49.66,35.2,,,,,20.87,69.95,6.9,523.34,2.11,panel_hotspot,4
2025-01-05 11:00:00,solar,SP_5,,,,,37.25,4.38,41.67,730.64,32.64,67.99,11.98,583.65,2.48,normal,390
2025-01-05 12:00:00,wind,WT_5,6.35,17.36,69.14,57.4,,,,,29.29,63.14,7.37,674.45,0.31,normal,401
2025-01-05 13:00:00,solar,SP_1,,,,,30.79,8.85,47.93,812.46,22.71,79.78,9.61,414.9,2.97,normal,445
2025-01-05 14:00:00,wind,WT_5,13.02,20.08,61.03,162.04,,,,,35.48,87.92,10.55,395.94,0.99,normal,400
2025-01-05 15:00:00,solar,SP_1,,,,,47.71,6.5,48.81,772.24,27.93,75.69,9.4,864.62,2.82,normal,440
2025-01-05 16:00:00,wind,WT_3,5.8,21.12,74.5,64.63,,,,,30.76,50.8,13.69,641.03,1.44,gearbox_failure,35
2025-01-05 17:00:00,solar,SP_1,,,,,39.22,6.14,41.35,605.79,36.4,69.3,9.76,812.59,2.59,normal,332
2025-01-05 18:00:00,wind,WT_3,17.7,20.64,49.98,196.72,,,,,21.8,42.75,12.41,750.9,2.86,normal,387
2025-01-05 19:00:00,solar,SP_1,,,,,25.15,7.01,43.69,863.46,30.37,54.06,9.23,756.8,2.34,gearbox_failure,8
2025-01-05 20:00:00,wind,WT_5,14.74,18.91,62.64,202.4,,,,,34.61,47.24,6.06,602.09,3.14,normal,459
2025-01-05 21:00:00,solar,SP_2,,,,,32.62,5.96,45.9,700.03,26.88,86.55,6.38,410.92,1.74,normal,409
2025-01-05 22:00:00,wind,WT_4,11.19,18.35,55.75,90.66,,,,,33.23,74.0,2.81,708.05,2.73,normal,426
2025-01-05 23:00:00,solar,SP_4,,,,,26.98,7.19,46.07,719.1,20.03,60.55,11.22,696.64,1.98,panel_hotspot,25
2025-01-06 00:00:00,wind,WT_5,14.04,24.47,67.76,147.51,,,,,35.12,76.54,10.64,770.54,3.09,gearbox_failure,17
2025-01-06 01:00:00,solar,SP_1,,,,,37.68,7.11,37.44,673.4,37.45,62.66,11.16,536.05,1.61,normal,381
2025-01-06 02:00:00,wind,WT_4,10.09,15.52,54.47,56.96,,,,,24.65,84.58,14.87,362.37,0.72,normal,260
2025-01-06 03:00:00,solar,SP_4,,,,,38.03,6.1,36.19,679.68,26.85,69.76,7.83,671.12,1.68,inverter_failure,41
2025-01-06 04:00:00,wind,WT_3,14.13,17.21,57.93,146.84,,,,,22.93,64.55,9.77,496.22,2.17,normal,481
2025-01-06 05:00:00,solar,SP_4,,,,,41.65,5.2,28.91,822.54,34.43,75.92,6.78,351.89,1.41,normal,351
2025-01-06 06:00:00,wind,WT_5,14.11,19.45,64.12,93.33,,,,,22.98,71.48,8.56,609.29,2.16,normal,366
2025-01-06 07:00:00,solar,SP_1,,,,,34.76,6.31,28.32,655.01,22.56,76.28,5.88,825.01,1.29,gearbox_failure,6
2025-01-06 08:00:00,wind,WT_5,4.51,15.99,51.9,103.99,,,,,38.15,45.99,14.73,528.33,1.98,normal,310
2025-01-06 09:00:00,solar,SP_5,,,,,36.32,5.54,52.32,673.64,28.62,53.89,9.93,629.37,0.78,inverter_failure,15
2025-01-06 10:00:00,wind,WT_1,12.57,16.31,59.96,145.62,,,,,27.41,74.78,9.04,621.19,0.36,normal,320
2025-01-06 11:00:00,solar,SP_5,,,,,27.41,6.72,47.18,721.16,22.06,75.07,14.79,511.47,2.51,normal,309
2025-01-06 12:00:00,wind,WT_1,12.43,20.17,69.19,177.63,,,,,31.36,48.15,7.65,678.77,1.38,normal,334
2025-01-06 13:00:00,solar,SP_2,,,,,34.67,5.94,38.54,573.49,32.87,68.07,4.2,761.63,2.15,normal,257
2025-01-06 14:00:00,wind,WT_3,7.69,10.59,52.07,40.35,,,,,24.81,56.0,14.38,783.76,2.63,normal,491
2025-01-06 15:00:00,solar,SP_1,,,,,32.11,5.74,43.18,772.96,36.72,40.01,16.32,783.88,3.48,inverter_failure,35
2025-01-06 16:00:00,wind,WT_2,11.27,28.66,69.39,136.78,,,,,28.47,87.9,10.97,537.08,2.74,normal,319
2025-01-06 17:00:00,solar,SP_4,,,,,33.51,5.4,46.94,682.45,27.63,65.68,7.2,512.12,2.51,generator_failure,10
2025-01-06 18:00:00,wind,WT_4,10.34,16.78,53.93,29.12,,,,,24.37,56.76,7.27,510.36,2.79,inverter_failure,3
2025-01-06 19:00:00,solar,SP_2,,,,,34.44,6.27,50.99,788.74,40.65,49.62,8.61,911.7,3.03,normal,313
2025-01-06 20:00:00,wind,WT_5,8.48,11.51,84.61,69.93,,,,,29.68,67.44,4.38,1000.9,2.69,panel_hotspot,35
2025-01-06 21:00:00,solar,SP_2,,,,,38.21,7.45,37.45,732.04,27.52,81.89,8.04,455.59,1.15,normal,438
2025-01-06 22:00:00,wind,WT_2,15.19,18.53,56.05,110.35,,,,,25.55,66.26,8.74,651.51,1.15,normal,494
2025-01-06 23:00:00,solar,SP_4,,,,,30.86,6.82,44.1,823.31,34.15,78.63,11.42,593.62,0.26,generator_failure,45
2025-01-07 00:00:00,wind,WT_2,9.06,16.7,58.14,17.89,,,,,27.31,65.96,9.73,705.18,2.21,normal,457
2025-01-07 01:00:00,solar,SP_4,,,,,30.07,6.01,55.43,616.91,23.89,82.87,15.16,581.19,1.96,gearbox_failure,11
2025-01-07 02:00:00,wind,WT_5,10.22,14.14,54.53,99.27,,,,,24.38,84.57,12.68,516.43,1.62,normal,418
2025-01-07 03:00:00,solar,SP_2,,,,,35.77,5.22,32.69,480.26,23.82,79.17,10.25,468.73,2.21,normal,469
2025-01-07 04:00:00,wind,WT_3,11.24,17.18,54.3,160.2,,,,,36.95,63.64,9.55,297.49,1.77,normal,352
2025-01-07 05:00:00,solar,SP_1,,,,,32.43,7.0,38.07,664.3,31.36,60.07,13.84,740.48,0.42,normal,317
2025-01-07 06:00:00,wind,WT_3,12.82,11.81,49.87,57.0,,,,,28.66,87.63,8.46,530.59,2.9,normal,436
2025-01-07 07:00:00,solar,SP_4,,,,,31.38,6.06,41.56,816.03,36.14,47.49,6.55,555.6,1.4,normal,404
2025-01-07 08:00:00,wind,WT_5,11.96,19.64,48.66,212.11,,,,,32.66,49.7,12.22,801.33,1.45,normal,457
2025-01-07 09:00:00,solar,SP_4,,,,,30.9,5.52,51.79,876.38,37.0,80.46,7.26,620.33,0.77,normal,295
2025-01-07 10:00:00,wind,WT_2,17.6,15.91,59.83,87.59,,,,,19.59,74.49,11.06,306.16,1.55,normal,334
2025-01-07 11:00:00,solar,SP_3,,,,,30.6,7.19,51.46,841.68,32.4,60.16,8.74,866.0,3.34,normal,251
2025-01-07 12:00:00,wind,WT_1,16.1,15.08,60.92,147.9,,,,,39.96,66.38,14.67,565.14,0.48,normal,231
2025-01-07 13:00:00,solar,SP_3,,,,,40.74,7.31,50.69,670.21,29.25,64.46,13.79,454.19,4.11,normal,450
2025-01-07 14:00:00,wind,WT_3,12.85,21.4,65.18,148.81,,,,,31.8,54.85,7.72,904.56,2.18,gearbox_failure,7
2025-01-07 15:00:00,solar,SP_1,,,,,36.3,6.09,38.81,799.82,30.82,84.44,10.46,592.83,2.35,normal,448
2025-01-07 16:00:00,wind,WT_4,15.83,11.95,54.17,73.01,,,,,34.59,60.49,14.88,644.95,2.72,normal,437
2025-01-07 17:00:00,solar,SP_4,,,,,30.44,6.61,50.0,703.82,32.19,64.95,4.55,916.31,1.57,normal,268
2025-01-07 18:00:00,wind,WT_5,13.62,23.69,54.41,202.47,,,,,30.63,58.12,16.26,744.06,1.87,normal,364
2025-01-07 19:00:00,solar,SP_4,,,,,32.65,6.27,42.31,646.57,30.57,70.88,11.19,513.29,2.03,normal,301
2025-01-07 20:00:00,wind,WT_4,10.66,11.01,62.13,73.73,,,,,26.18,77.36,12.68,658.64,2.58,normal,329
2025-01-07 21:00:00,solar,SP_1,,,,,32.05,5.35,43.52,775.12,32.05,80.22,8.96,649.86,1.58,normal,227
2025-01-07 22:00:00,wind,WT_2,11.48,18.42,62.66,87.68,,,,,27.77,80.85,13.42,591.88,0.97,panel_hotspot,37
2025-01-07 23:00:00,solar,SP_4,,,,,35.47,5.57,41.15,638.12,38.12,45.45,-0.64,409.06,1.86,normal,386
2025-01-08 00:00:00,wind,WT_4,8.74,19.34,82.54,63.93,,,,,35.19,66.86,13.43,773.86,1.85,panel_hotspot,6
2025-01-08 01:00:00,solar,SP_5,,,,,44.45,4.75,53.28,657.03,34.8,77.97,16.42,512.85,0.5,normal,496
2025-01-08 02:00:00,wind,WT_1,12.58,23.76,72.87,115.97,,,,,29.37,53.12,8.41,851.42,2.41,normal,291
2025-01-08 03:00:00,solar,SP_2,,,,,35.97,6.27,42.4,739.6,20.47,72.09,10.26,656.89,2.52,gearbox_failure,8
2025-01-08 04:00:00,wind,WT_5,9.02,23.07,61.0,82.89,,,,,36.05,48.22,15.06,844.79,1.56,panel_hotspot,31
2025-01-08 05:00:00,solar,SP_2,,,,,31.37,5.63,34.34,755.21,29.44,58.98,8.69,577.34,1.87,normal,326
2025-01-08 06:00:00,wind,WT_2,12.78,10.88,55.33,119.44,,,,,34.16,85.17,9.14,422.12,1.75,normal,243
2025-01-08 07:00:00,solar,SP_3,,,,,30.87,6.26,56.95,436.06,22.61,77.08,8.58,565.99,2.0,generator_failure,24
2025-01-08 08:00:00,wind,WT_4,19.44,13.54,52.44,103.35,,,,,27.42,63.26,11.18,823.36,2.74,inverter_failure,39
2025-01-08 09:00:00,solar,SP_5,,,,,36.21,7.18,53.79,724.38,28.97,75.82,8.47,670.65,2.14,gearbox_failure,34
2025-01-08 10:00:00,wind,WT_4,9.65,14.54,66.79,56.8,,,,,34.53,88.71,6.22,866.18,2.81,normal,373
2025-01-08 11:00:00,solar,SP_1,,,,,27.0,8.22,50.5,939.11,29.27,49.17,8.77,460.33,2.0,normal,496
2025-01-08 12:00:00,wind,WT_1,7.41,23.13,54.26,108.53,,,,,26.06,59.28,9.98,327.6,2.27,normal,299
2025-01-08 13:00:00,solar,SP_3,,,,,31.0,7.09,40.62,856.63,30.88,71.86,5.54,655.92,2.1,inverter_failure,13
2025-01-08 14:00:00,wind,WT_5,17.67,20.28,55.29,171.46,,,,,28.45,53.16,9.27,747.15,2.13,normal,471
2025-01-08 15:00:00,solar,SP_2,,,,,39.73,6.5,50.0,630.47,27.03,80.0,6.65,840.5,0.99,normal,491
2025-01-08 16:00:00,wind,WT_4,14.42,18.42,66.07,157.8,,,,,34.32,52.63,12.78,647.34,1.93,gearbox_failure,24
2025-01-08 17:00:00,solar,SP_4,,,,,34.03,5.67,45.9,658.26,36.0,43.01,14.22,712.13,1.92,gearbox_failure,14
2025-01-08 18:00:00,wind,WT_4,8.5,20.88,56.15,97.64,,,,,32.32,73.17,7.84,515.27,2.93,normal,420
2025-01-08 19:00:00,solar,SP_5,,,,,29.99,5.69,47.82,678.85,21.22,84.45,11.56,567.03,1.09,normal,402
2025-01-08 20:00:00,wind,WT_1,11.95,19.41,43.04,115.57,,,,,28.88,57.72,11.65,420.23,2.29,normal,421
2025-01-08 21:00:00,solar,SP_1,,,,,34.34,7.32,58.3,598.16,23.89,80.55,12.9,644.81,0.47,normal,417
2025-01-08 22:00:00,wind,WT_2,10.96,27.34,68.58,164.08,,,,,33.68,56.76,5.35,477.86,1.81,normal,346
2025-01-08 23:00:00,solar,SP_3,,,,,39.02,6.23,51.41,644.3,34.52,85.23,9.63,507.18,3.44,normal,228
2025-01-09 00:00:00,wind,WT_5,16.56,18.12,61.56,76.17,,,,,31.45,59.73,7.31,634.59,0.77,normal,261
2025-01-09 01:00:00,solar,SP_1,,,,,34.13,5.91,43.96,890.19,36.46,47.34,3.73,632.03,1.82,panel_hotspot,48
2025-01-09 02:00:00,wind,WT_1,12.51,15.26,35.54,100.3,,,,,21.27,76.6,10.39,571.06,2.43,normal,482
2025-01-09 03:00:00,solar,SP_2,,,,,45.43,5.09,46.16,797.14,34.1,44.33,11.43,821.32,1.17,normal,286
2025-01-09 04:00:00,wind,WT_5,10.15,13.79,65.04,-25.46,,,,,33.89,63.32,7.68,865.56,3.22,normal,403
2025-01-09 05:00:00,solar,SP_4,,,,,38.89,5.87,44.94,689.56,31.6,43.66,5.85,344.84,0.39,gearbox_failure,12
2025-01-09 06:00:00,wind,WT_1,15.59,17.57,43.67,214.86,,,,,28.04,40.64,10.23,766.99,3.2,panel_hotspot,22
2025-01-09 07:00:00,solar,SP_5,,,,,29.63,7.25,40.34,768.65,35.25,56.05,8.84,698.87,1.41,normal,417
2025-01-09 08:00:00,wind,WT_4,12.47,13.58,74.71,68.97,,,,,30.95,52.26,15.07,542.81,1.81,normal,411
2025-01-09 09:00:00,solar,SP_4,,,,,31.6,4.66,34.09,564.81,31.61,41.04,10.95,402.57,2.61,normal,295
2025-01-09 10:00:00,wind,WT_4,8.95,20.58,62.56,167.86,,,,,23.0,88.6,13.01,679.64,2.45,normal,281
2025-01-09 11:00:00,solar,SP_1,,,,,23.05,5.27,53.64,481.1,33.41,75.02,10.99,596.51,0.84,normal,227
2025-01-09 12:00:00,wind,WT_4,10.39,20.14,65.05,114.08,,,,,22.4,46.97,9.75,857.31,2.34,normal,376
2025-01-09 13:00:00,solar,SP_3,,,,,33.18,5.75,35.37,820.35,22.35,75.1,8.58,741.58,2.58,normal,495
2025-01-09 14:00:00,wind,WT_3,11.32,16.06,41.52,131.35,,,,,27.39,89.14,10.85,580.92,0.49,normal,483
2025-01-09 15:00:00,solar,SP_3,,,,,38.78,5.31,27.69,654.65,28.33,43.72,8.97,589.5,2.61,inverter_failure,32
2025-01-09 16:00:00,wind,WT_2,10.91,17.94,62.32,151.02,,,,,29.01,78.03,8.07,572.66,3.41,normal,402
2025-01-09 17:00:00,solar,SP_1,,,,,39.33,3.68,55.1,776.05,24.08,72.12,8.9,598.37,1.08,normal,448
2025-01-09 18:00:00,wind,WT_1,14.78,18.0,67.71,98.79,,,,,26.49,88.4,14.97,320.68,2.5,normal,391
2025-01-09 19:00:00,solar,SP_2,,,,,34.62,5.03,51.4,880.43,40.34,50.22,12.01,639.09,2.02,normal,328
2025-01-09 20:00:00,wind,WT_4,13.17,18.68,54.71,160.51,,,,,40.02,62.67,8.03,582.12,1.58,normal,439
2025-01-09 21:00:00,solar,SP_3,,,,,36.87,5.37,46.07,782.89,25.48,72.76,6.88,594.87,1.55,normal,381
2025-01-09 22:00:00,wind,WT_4,9.25,21.27,69.9,118.78,,,,,31.77,75.8,2.69,374.55,0.21,normal,380
2025-01-09 23:00:00,solar,SP_2,,,,,43.41,4.22,42.15,637.46,27.52,47.37,12.25,498.39,2.96,normal,345
2025-01-10 00:00:00,wind,WT_1,10.09,23.13,54.74,172.03,,,,,38.67,48.85,6.74,826.79,2.4,normal,277
2025-01-10 01:00:00,solar,SP_2,,,,,39.66,6.44,43.44,760.2,34.71,79.6,13.67,605.73,0.35,panel_hotspot,30
2025-01-10 02:00:00,wind,WT_1,10.61,17.34,59.23,115.92,,,,,29.61,89.52,12.68,806.33,1.08,gearbox_failure,47
2025-01-10 03:00:00,solar,SP_4,,,,,31.06,5.58,52.32,861.97,31.03,54.51,4.94,391.14,0.66,normal,252
2025-01-10 04:00:00,wind,WT_4,12.17,14.96,58.13,186.74,,,,,33.38,64.16,8.97,706.88,1.16,panel_hotspot,40
2025-01-10 05:00:00,solar,SP_1,,,,,34.26,5.26,48.5,422.85,34.71,82.35,8.57,625.91,2.8,gearbox_failure,33
2025-01-10 06:00:00,wind,WT_3,12.83,19.75,60.13,107.43,,,,,34.08,86.29,11.49,446.13,1.37,normal,288
2025-01-10 07:00:00,solar,SP_3,,,,,34.9,6.2,51.57,734.92,24.09,86.7,9.01,857.49,2.18,normal,455
2025-01-10 08:00:00,wind,WT_4,10.39,18.62,63.68,31.1,,,,,36.99,54.52,6.93,248.74,3.42,generator_failure,8
2025-01-10 09:00:00,solar,SP_2,,,,,40.71,5.97,37.14,710.52,28.2,50.3,13.25,264.4,3.69,normal,409
2025-01-10 10:00:00,wind,WT_4,11.53,19.05,38.53,157.93,,,,,39.49,66.97,13.9,546.09,2.77,normal,368
2025-01-10 11:00:00,solar,SP_5,,,,,41.07,5.86,29.78,611.37,26.26,70.54,7.34,509.03,3.16,inverter_failure,29
2025-01-10 12:00:00,wind,WT_1,11.02,12.84,77.73,64.89,,,,,32.0,87.64,13.03,520.21,3.03,panel_hotspot,37
2025-01-10 13:00:00,solar,SP_4,,,,,29.35,5.61,47.54,546.91,34.72,42.89,9.55,599.16,3.14,normal,384
2025-01-10 14:00:00,wind,WT_4,12.9,16.36,56.3,42.72,,,,,25.1,52.06,11.73,374.01,2.79,gearbox_failure,48
2025-01-10 15:00:00,solar,SP_3,,,,,28.12,7.76,45.36,664.82,35.27,70.1,12.75,428.52,2.22,normal,291
2025-01-10 16:00:00,wind,WT_3,16.22,21.56,57.35,241.19,,,,,34.62,54.47,9.31,560.82,0.92,panel_hotspot,16
2025-01-10 17:00:00,solar,SP_5,,,,,42.72,6.38,41.82,878.15,41.96,49.99,10.66,756.72,4.36,normal,255
2025-01-10 18:00:00,wind,WT_4,9.34,18.63,44.93,70.59,,,,,38.18,52.51,3.88,642.17,1.84,normal,310
2025-01-10 19:00:00,solar,SP_3,,,,,32.56,5.91,38.43,643.88,31.6,69.96,8.35,406.55,2.41,normal,218
2025-01-10 20:00:00,wind,WT_2,17.73,18.1,78.99,159.93,,,,,21.75,73.65,12.71,562.58,0.4,gearbox_failure,10
2025-01-10 21:00:00,solar,SP_5,,,,,34.26,6.28,38.8,813.78,30.2,57.16,7.93,349.02,1.9,normal,307
2025-01-10 22:00:00,wind,WT_1,11.19,21.13,53.75,224.27,,,,,31.29,41.69,11.11,460.83,2.0,normal,211
2025-01-10 23:00:00,solar,SP_4,,,,,38.26,3.97,59.37,735.9,30.69,60.37,14.24,462.53,0.13,normal,492
2025-01-11 00:00:00,wind,WT_3,12.0,10.84,73.51,99.6,,,,,32.43,75.79,15.17,294.35,2.7,panel_hotspot,46
2025-01-11 01:00:00,solar,SP_1,,,,,38.36,6.11,38.5,756.27,24.69,89.06,17.89,681.49,1.65,normal,482
2025-01-11 02:00:00,wind,WT_2,7.85,22.89,75.37,213.29,,,,,28.01,40.59,9.74,672.12,1.21,normal,325
2025-01-11 03:00:00,solar,SP_1,,,,,35.28,5.76,50.96,706.37,26.69,62.62,11.52,476.14,2.3,normal,367
2025-01-11 04:00:00,wind,WT_3,17.76,13.51,52.44,67.44,,,,,30.59,59.66,7.61,637.94,2.09,normal,247
2025-01-11 05:00:00,solar,SP_5,,,,,40.48,5.34,43.54,730.76,23.95,58.8,15.35,459.58,2.43,normal,398
2025-01-11 06:00:00,wind,WT_5,10.04,19.45,52.58,177.3,,,,,28.96,69.08,10.87,682.47,0.69,normal,229
2025-01-11 07:00:00,solar,SP_5,,,,,36.98,5.64,31.83,653.47,28.63,54.98,8.27,776.97,3.03,inverter_failure,15
2025-01-11 08:00:00,wind,WT_5,10.03,17.88,82.08,87.58,,,,,26.09,68.95,9.48,691.8,1.66,normal,201
2025-01-11 09:00:00,solar,SP_5,,,,,40.53,6.87,37.74,580.64,34.01,71.61,5.37,704.41,2.41,normal,216
2025-01-11 10:00:00,wind,WT_3,15.15,16.45,68.77,200.27,,,,,42.54,62.63,14.77,486.65,2.06,normal,386
2025-01-11 11:00:00,solar,SP_2,,,,,34.7,5.63,43.32,694.83,31.62,42.45,11.75,783.72,2.04,panel_hotspot,1
2025-01-11 12:00:00,wind,WT_1,10.29,16.12,53.33,110.08,,,,,38.18,48.48,12.03,681.18,1.23,panel_hotspot,49
2025-01-11 13:00:00,solar,SP_3,,,,,38.54,5.34,47.92,684.97,25.76,62.42,12.37,741.43,1.03,normal,417
2025-01-11 14:00:00,wind,WT_5,18.76,20.72,66.39,196.7,,,,,30.55,40.35,11.75,747.56,3.77,panel_hotspot,35
2025-01-11 15:00:00,solar,SP_2,,,,,36.12,6.42,40.29,647.85,26.15,88.87,17.37,680.78,1.97,normal,367
2025-01-11 16:00:00,wind,WT_1,7.43,11.39,48.05,143.75,,,,,32.34,73.33,6.04,658.57,1.15,normal,434
2025-01-11 17:00:00,solar,SP_3,,,,,37.5,4.3,55.97,702.35,33.2,71.1,10.94,552.45,1.34,normal,206
2025-01-11 18:00:00,wind,WT_2,11.65,14.69,65.62,62.53,,,,,32.47,42.98,8.56,669.48,1.8,normal,458
2025-01-11 19:00:00,solar,SP_1,,,,,33.8,4.35,40.94,742.77,29.88,46.87,14.94,756.37,2.39,generator_failure,46
2025-01-11 20:00:00,wind,WT_2,13.51,13.4,60.18,92.24,,,,,35.71,73.81,14.03,432.56,1.65,normal,301
2025-01-11 21:00:00,solar,SP_3,,,,,36.57,8.45,35.89,760.65,24.81,67.17,7.15,797.3,3.12,normal,251
2025-01-11 22:00:00,wind,WT_4,12.35,18.83,58.3,6.45,,,,,28.06,67.99,9.07,487.91,2.76,normal,372
2025-01-11 23:00:00,solar,SP_3,,,,,35.03,5.93,44.08,598.6,38.72,44.36,10.91,609.84,4.39,normal,342
2025-01-12 00:00:00,wind,WT_5,9.93,14.96,47.48,4.97,,,,,26.21,55.65,8.42,478.49,1.0,normal,278
2025-01-12 01:00:00,solar,SP_1,,,,,36.73,6.11,36.39,643.59,28.54,77.19,11.11,502.4,2.05,normal,496
2025-01-12 02:00:00,wind,WT_5,11.19,9.32,67.55,2.94,,,,,34.27,58.77,9.67,609.69,0.8,normal,393
2025-01-12 03:00:00,solar,SP_4,,,,,43.49,7.94,41.63,583.1,23.1,46.85,11.22,595.68,1.99,inverter_failure,33
2025-01-12 04:00:00,wind,WT_1,9.79,18.74,59.24,131.37,,,,,34.25,82.43,12.25,638.01,2.28,normal,419
2025-01-12 05:00:00,solar,SP_2,,,,,34.15,5.96,36.16,872.6,35.65,58.39,9.31,426.94,3.72,gearbox_failure,46
2025-01-12 06:00:00,wind,WT_1,13.63,25.5,57.07,149.75,,,,,30.16,63.96,13.47,490.22,1.55,normal,349
2025-01-12 07:00:00,solar,SP_2,,,,,28.34,5.87,25.64,799.17,37.35,62.65,12.81,488.46,3.05,normal,369
2025-01-12 08:00:00,wind,WT_5,8.79,21.91,62.65,75.95,,,,,26.23,82.23,11.89,620.09,0.73,normal,436
2025-01-12 09:00:00,solar,SP_4,,,,,37.58,5.85,50.01,667.55,35.94,89.1,12.89,827.2,1.2,generator_failure,42
2025-01-12 10:00:00,wind,WT_3,13.67,16.4,62.99,100.29,,,,,25.61,58.03,10.72,566.73,2.09,inverter_failure,24
2025-01-12 11:00:00,solar,SP_3,,,,,40.06,6.17,48.05,690.86,30.2,71.1,7.6,539.16,0.13,normal,213
2025-01-12 12:00:00,wind,WT_2,14.65,24.05,52.19,195.45,,,,,31.51,62.51,10.26,457.79,4.61,gearbox_failure,46
2025-01-12 13:00:00,solar,SP_3,,,,,34.03,6.35,55.86,723.29,27.54,74.15,7.58,625.01,2.11,panel_hotspot,7
2025-01-12 14:00:00,wind,WT_2,9.77,19.59,52.83,111.43,,,,,27.06,87.99,5.56,578.51,1.36,inverter_failure,24
2025-01-12 15:00:00,solar,SP_4,,,,,30.34,6.55,35.61,609.45,30.57,68.49,8.35,573.22,1.32,normal,285
2025-01-12 16:00:00,wind,WT_1,15.26,17.64,55.41,219.96,,,,,27.8,57.17,17.92,420.44,2.36,panel_hotspot,37
2025-01-12 17:00:00,solar,SP_1,,,,,29.39,4.11,41.67,714.68,16.69,62.55,12.11,534.86,2.12,panel_hotspot,24
2025-01-12 18:00:00,wind,WT_2,13.04,20.31,64.63,125.24,,,,,27.47,49.88,11.42,519.8,1.51,normal,414
2025-01-12 19:00:00,solar,SP_5,,,,,27.62,7.89,41.24,562.31,31.01,85.42,9.91,645.84,1.78,normal,354
2025-01-12 20:00:00,wind,WT_1,15.01,15.2,44.95,158.76,,,,,27.64,41.61,8.83,730.57,1.43,panel_hotspot,9
2025-01-12 21:00:00,solar,SP_3,,,,,32.52,6.47,38.2,632.08,34.52,57.55,7.86,917.85,4.38,normal,244
2025-01-12 22:00:00,wind,WT_3,9.77,17.3,71.41,84.97,,,,,24.93,83.94,10.92,688.44,1.76,normal,426
2025-01-12 23:00:00,solar,SP_2,,,,,34.22,6.28,46.06,626.23,33.23,65.94,5.5,681.57,1.31,normal,285
2025-01-13 00:00:00,wind,WT_5,10.9,21.62,86.03,79.26,,,,,36.19,84.09,7.11,580.9,2.62,normal,471
2025-01-13 01:00:00,solar,SP_3,,,,,31.98,6.92,40.06,868.87,19.96,88.73,13.28,686.83,1.85,normal,480
2025-01-13 02:00:00,wind,WT_2,11.94,13.79,63.89,46.42,,,,,28.03,89.09,8.48,394.75,0.96,normal,367
2025-01-13 03:00:00,solar,SP_4,,,,,43.59,4.77,40.15,641.58,37.25,58.72,3.48,676.24,2.17,panel_hotspot,27
2025-01-13 04:00:00,wind,WT_2,10.79,19.31,40.23,182.11,,,,,27.49,70.38,4.7,609.94,2.25,normal,387
2025-01-13 05:00:00,solar,SP_2,,,,,32.33,6.83,48.76,734.83,31.81,79.07,9.49,614.04,2.5,generator_failure,32
2025-01-13 06:00:00,wind,WT_3,14.37,15.16,62.3,141.4,,,,,29.08,42.26,5.92,711.88,1.65,gearbox_failure,43
2025-01-13 07:00:00,solar,SP_2,,,,,38.48,6.58,38.35,845.22,30.78,71.83,8.51,623.07,2.71,panel_hotspot,42
2025-01-13 08:00:00,wind,WT_5,9.84,19.12,68.11,61.89,,,,,27.42,42.21,7.51,769.63,2.36,gearbox_failure,31
2025-01-13 09:00:00,solar,SP_5,,,,,34.68,4.87,46.65,863.46,32.69,43.06,14.92,338.45,1.28,normal,403
2025-01-13 10:00:00,wind,WT_4,16.02,25.03,61.63,211.96,,,,,23.05,50.0,13.12,683.37,4.22,normal,489
2025-01-13 11:00:00,solar,SP_2,,,,,36.46,7.15,48.43,687.03,38.75,84.13,13.24,286.74,1.45,normal,406
2025-01-13 12:00:00,wind,WT_1,13.07,12.64,54.02,70.3,,,,,14.92,67.06,6.71,645.63,5.19,normal,320
2025-01-13 13:00:00,solar,SP_5,,,,,28.88,5.3,48.5,595.58,24.55,71.34,9.32,284.49,3.09,normal,270
2025-01-13 14:00:00,wind,WT_1,12.12,16.2,49.14,83.2,,,,,29.12,52.83,9.19,624.33,3.2,inverter_failure,40
2025-01-13 15:00:00,solar,SP_3,,,,,38.89,8.21,48.68,670.59,28.81,41.15,12.34,908.12,4.09,normal,348
2025-01-13 16:00:00,wind,WT_3,10.57,19.45,66.81,22.91,,,,,26.71,68.23,13.87,642.81,2.24,generator_failure,28
2025-01-13 17:00:00,solar,SP_2,,,,,31.5,4.96,42.82,686.37,28.33,41.92,10.21,869.83,1.43,inverter_failure,34
2025-01-13 18:00:00,wind,WT_1,10.79,16.33,62.45,37.0,,,,,25.92,67.06,9.22,320.35,0.61,panel_hotspot,37
2025-01-13 19:00:00,solar,SP_1,,,,,35.76,5.66,39.04,582.06,33.02,62.72,3.95,648.02,0.05,inverter_failure,7
2025-01-13 20:00:00,wind,WT_1,7.31,20.12,56.69,96.6,,,,,32.06,48.9,11.33,559.47,2.9,normal,267
2025-01-13 21:00:00,solar,SP_1,,,,,39.79,5.53,65.32,784.65,28.01,59.37,12.72,519.76,1.22,gearbox_failure,46
2025-01-13 22:00:00,wind,WT_4,7.59,12.55,55.54,77.79,,,,,25.79,78.39,10.56,701.35,2.01,normal,206
2025-01-13 23:00:00,solar,SP_3,,,,,38.46,6.03,36.43,682.51,21.78,77.31,11.59,606.91,2.47,normal,276
2025-01-14 00:00:00,wind,WT_1,11.21,19.25,52.07,194.29,,,,,30.1,49.62,12.0,468.12,3.11,normal,233
2025-01-14 01:00:00,solar,SP_1,,,,,33.42,5.99,50.12,575.82,26.56,63.01,12.0,749.11,2.48,panel_hotspot,4
2025-01-14 02:00:00,wind,WT_3,11.08,27.13,56.28,202.42,,,,,29.62,88.51,8.21,602.44,2.87,normal,215
2025-01-14 03:00:00,solar,SP_2,,,,,30.87,6.91,28.92,661.85,25.78,61.22,10.16,675.98,2.91,normal,260
2025-01-14 04:00:00,wind,WT_1,9.94,20.02,70.47,7.68,,,,,30.23,41.04,16.66,322.58,0.82,normal,264
2025-01-14 05:00:00,solar,SP_4,,,,,33.16,5.71,38.88,851.84,33.28,43.27,11.1,568.32,3.76,normal,385
2025-01-14 06:00:00,wind,WT_3,15.42,16.87,59.23,87.09,,,,,29.79,46.84,4.9,813.03,2.18,normal,331
2025-01-14 07:00:00,solar,SP_5,,,,,39.28,5.45,51.76,830.33,26.71,69.96,8.25,764.38,0.2,normal,299
2025-01-14 08:00:00,wind,WT_1,9.85,21.44,71.55,118.92,,,,,24.98,74.35,7.88,501.41,3.88,normal,334
2025-01-14 09:00:00,solar,SP_1,,,,,47.58,7.13,56.5,645.08,31.08,89.87,17.98,583.9,2.43,normal,407
2025-01-14 10:00:00,wind,WT_2,14.99,20.21,58.79,108.46,,,,,36.54,54.73,6.6,607.9,1.94,gearbox_failure,14
2025-01-14 11:00:00,solar,SP_5,,,,,33.46,6.69,35.46,575.07,29.65,67.84,10.36,385.74,2.17,normal,276
2025-01-14 12:00:00,wind,WT_2,12.82,16.65,32.36,79.52,,,,,25.64,83.95,5.9,568.27,1.4,normal,347
2025-01-14 13:00:00,solar,SP_2,,,,,40.06,6.6,38.35,795.9,23.06,69.44,7.54,708.44,1.69,normal,401
2025-01-14 14:00:00,wind,WT_5,15.06,17.0,59.67,102.01,,,,,29.08,58.12,11.41,751.96,1.43,normal,251
2025-01-14 15:00:00,solar,SP_4,,,,,36.52,4.17,45.99,793.63,35.16,81.47,14.04,1049.18,1.53,normal,298
2025-01-14 16:00:00,wind,WT_1,16.51,14.37,56.7,230.26,,,,,28.82,87.86,14.91,624.66,2.59,normal,449
2025-01-14 17:00:00,solar,SP_5,,,,,41.43,4.65,49.49,703.13,32.15,45.33,10.51,806.87,2.46,normal,427
2025-01-14 18:00:00,wind,WT_1,18.21,16.36,47.75,89.46,,,,,27.5,41.27,10.51,794.28,2.32,gearbox_failure,4
2025-01-14 19:00:00,solar,SP_4,,,,,38.27,6.85,41.13,718.84,35.79,49.08,13.06,853.47,0.26,normal,288
2025-01-14 20:00:00,wind,WT_3,8.43,12.77,58.17,115.34,,,,,19.76,49.21,10.72,300.5,1.66,panel_hotspot,22
2025-01-14 21:00:00,solar,SP_4,,,,,30.6,6.12,44.88,959.76,30.1,69.79,17.72,836.21,2.49,normal,306
2025-01-14 22:00:00,wind,WT_2,13.91,17.5,56.77,141.41,,,,,27.45,52.9,13.77,710.03,1.54,normal,395
2025-01-14 23:00:00,solar,SP_3,,,,,37.22,4.2,32.95,822.64,36.08,86.61,8.99,640.7,2.53,normal,380
2025-01-15 00:00:00,wind,WT_3,15.89,21.61,70.58,285.79,,,,,22.99,53.24,9.64,776.28,2.19,normal,315
2025-01-15 01:00:00,solar,SP_2,,,,,35.96,5.74,50.25,588.31,29.08,63.78,13.26,673.5,2.07,normal,343
2025-01-15 02:00:00,wind,WT_1,3.42,17.79,63.22,-17.84,,,,,38.88,85.66,12.5,435.0,0.05,panel_hotspot,34
2025-01-15 03:00:00,solar,SP_3,,,,,29.67,5.79,41.59,804.72,25.9,55.04,13.84,397.52,2.97,normal,348
2025-01-15 04:00:00,wind,WT_1,17.23,16.68,51.18,233.62,,,,,31.26,63.12,12.73,672.82,2.79,normal,265
2025-01-15 05:00:00,solar,SP_3,,,,,41.01,7.31,44.21,769.92,36.33,80.12,13.39,784.75,3.66,normal,493
2025-01-15 06:00:00,wind,WT_2,10.84,20.25,51.2,166.63,,,,,31.39,49.89,11.98,731.95,2.95,gearbox_failure,6
2025-01-15 07:00:00,solar,SP_4,,,,,32.21,5.58,52.28,728.5,32.49,89.35,8.32,437.06,1.12,normal,250
2025-01-15 08:00:00,wind,WT_1,14.94,18.56,57.61,146.6,,,,,29.39,41.92,14.48,384.71,2.74,normal,439
2025-01-15 09:00:00,solar,SP_5,,,,,38.01,4.84,49.46,534.08,25.79,61.32,9.59,760.21,0.88,normal,407
2025-01-15 10:00:00,wind,WT_4,14.86,16.41,61.66,167.03,,,,,27.0,66.95,8.26,581.46,2.17,panel_hotspot,36
2025-01-15 11:00:00,solar,SP_5,,,,,30.72,5.64,50.26,770.45,33.24,41.45,5.89,494.31,2.55,normal,286
2025-01-15 12:00:00,wind,WT_1,6.14,17.85,52.64,34.85,,,,,26.68,55.22,3.58,838.21,2.27,normal,336
2025-01-15 13:00:00,solar,SP_3,,,,,25.6,4.18,33.88,718.24,34.6,62.3,11.12,497.3,2.17,normal,305
2025-01-15 14:00:00,wind,WT_3,12.29,24.91,47.17,129.56,,,,,30.18,68.75,11.42,490.19,0.98,normal,262
2025-01-15 15:00:00,solar,SP_4,,,,,41.01,6.05,51.03,665.36,32.8,77.6,10.62,637.49,1.18,normal,243
2025-01-15 16:00:00,wind,WT_5,10.58,16.34,47.36,8.77,,,,,18.13,65.9,8.78,684.34,2.49,normal,386
2025-01-15 17:00:00,solar,SP_1,,,,,34.55,6.25,34.24,691.35,29.96,66.39,10.44,455.8,1.2,normal,411
2025-01-15 18:00:00,wind,WT_2,3.9,16.28,56.24,14.82,,,,,32.79,64.4,8.22,469.38,0.96,gearbox_failure,19
2025-01-15 19:00:00,solar,SP_2,,,,,45.97,7.78,54.05,641.97,36.57,76.35,13.08,455.59,0.63,normal,391
2025-01-15 20:00:00,wind,WT_3,11.68,19.82,72.07,67.57,,,,,30.51,62.72,7.7,438.09,2.43,panel_hotspot,23
2025-01-15 21:00:00,solar,SP_2,,,,,44.82,6.89,38.36,583.23,25.15,59.81,8.87,318.97,1.66,normal,420
2025-01-15 22:00:00,wind,WT_1,15.93,25.24,59.96,226.96,,,,,27.39,80.86,12.6,699.77,3.56,normal,401
2025-01-15 23:00:00,solar,SP_4,,,,,32.87,5.22,46.42,667.75,32.21,53.47,10.14,716.97,2.63,panel_hotspot,0
2025-01-16 00:00:00,wind,WT_1,10.56,20.31,58.65,167.97,,,,,24.74,71.7,7.35,434.78,3.82,normal,223
2025-01-16 01:00:00,solar,SP_3,,,,,26.85,5.94,48.3,680.54,35.48,89.9,6.84,518.04,3.14,normal,425
2025-01-16 02:00:00,wind,WT_4,14.03,21.39,72.37,89.39,,,,,29.73,61.3,10.81,956.65,3.3,normal,236
2025-01-16 03:00:00,solar,SP_5,,,,,29.62,6.11,39.94,449.3,33.25,62.81,10.04,541.59,0.72,normal,292
2025-01-16 04:00:00,wind,WT_4,11.77,14.22,51.51,30.8,,,,,31.92,72.26,14.78,699.56,2.25,gearbox_failure,6
2025-01-16 05:00:00,solar,SP_2,,,,,38.52,4.93,48.65,714.48,29.04,83.68,10.92,948.3,1.08,normal,413
2025-01-16 06:00:00,wind,WT_4,15.02,6.85,79.19,15.92,,,,,24.82,81.98,11.62,454.16,1.59,gearbox_failure,0
2025-01-16 07:00:00,solar,SP_4,,,,,23.33,6.33,45.45,532.85,42.51,76.19,11.36,515.47,2.88,panel_hotspot,23
2025-01-16 08:00:00,wind,WT_3,16.21,16.79,72.04,72.01,,,,,30.28,57.46,8.38,653.53,4.31,normal,483
2025-01-16 09:00:00,solar,SP_4,,,,,30.67,6.28,47.92,570.88,38.58,79.67,10.63,222.21,0.84,normal,346
2025-01-16 10:00:00,wind,WT_5,10.88,17.25,72.35,-25.43,,,,,31.56,57.14,11.9,690.18,1.05,normal,202
2025-01-16 11:00:00,solar,SP_2,,,,,33.31,5.3,50.74,755.15,35.56,51.16,10.68,817.04,0.54,normal,462
2025-01-16 12:00:00,wind,WT_5,13.12,17.27,71.01,120.79,,,,,35.25,75.9,13.65,500.72,1.06,normal,251
2025-01-16 13:00:00,solar,SP_5,,,,,35.95,6.5,36.53,750.18,24.41,75.72,11.07,386.86,1.78,panel_hotspot,7
2025-01-16 14:00:00,wind,WT_3,17.87,21.87,86.35,221.38,,,,,36.99,60.65,7.96,597.99,2.08,normal,496
2025-01-16 15:00:00,solar,SP_4,,,,,32.69,5.87,37.3,778.39,36.22,77.15,11.06,527.18,1.88,gearbox_failure,18
2025-01-16 16:00:00,wind,WT_3,10.89,17.38,61.98,16.24,,,,,34.46,43.47,8.85,523.4,0.99,normal,294
2025-01-16 17:00:00,solar,SP_2,,,,,30.96,5.75,53.36,673.56,32.59,45.32,11.42,544.95,1.47,normal,205
2025-01-16 18:00:00,wind,WT_2,10.26,20.76,51.15,129.94,,,,,32.37,62.32,7.55,822.27,2.78,normal,206
2025-01-16 19:00:00,solar,SP_2,,,,,37.06,7.44,48.39,549.36,27.35,62.64,6.59,621.89,2.04,gearbox_failure,14
2025-01-16 20:00:00,wind,WT_5,9.04,14.66,65.56,19.88,,,,,28.67,87.99,8.14,526.67,3.29,normal,441
2025-01-16 21:00:00,solar,SP_1,,,,,33.03,7.5,39.58,781.59,20.81,53.09,10.77,532.53,1.27,normal,411
2025-01-16 22:00:00,wind,WT_5,15.5,15.74,63.79,154.5,,,,,23.63,44.69,13.09,685.6,2.63,normal,272
2025-01-16 23:00:00,solar,SP_4,,,,,31.69,5.11,24.09,517.55,30.16,42.47,4.93,603.97,1.75,normal,425
2025-01-17 00:00:00,wind,WT_1,10.42,16.82,79.02,9.03,,,,,29.18,86.29,11.69,700.07,0.82,normal,373
2025-01-17 01:00:00,solar,SP_4,,,,,27.5,7.21,42.68,819.27,24.9,67.08,11.16,665.22,1.44,gearbox_failure,17
2025-01-17 02:00:00,wind,WT_3,10.25,19.9,79.95,139.7,,,,,28.82,43.06,10.49,353.64,1.73,normal,273
2025-01-17 03:00:00,solar,SP_1,,,,,40.07,5.51,51.56,586.51,33.06,67.57,9.58,276.47,2.07,normal,376
2025-01-17 04:00:00,wind,WT_5,12.56,21.15,66.7,58.11,,,,,30.47,86.55,4.86,523.73,1.42,normal,411
2025-01-17 05:00:00,solar,SP_2,,,,,27.04,5.59,54.53,617.66,36.23,40.43,4.8,819.97,3.2,normal,337
2025-01-17 06:00:00,wind,WT_1,13.23,20.53,52.01,106.05,,,,,34.03,41.34,13.46,555.98,0.41,normal,381
2025-01-17 07:00:00,solar,SP_1,,,,,36.87,5.61,40.77,501.7,37.6,82.66,7.27,581.59,2.21,normal,310
2025-01-17 08:00:00,wind,WT_1,12.84,13.04,57.71,106.0,,,,,23.98,66.68,9.71,541.24,0.79,generator_failure,4
2025-01-17 09:00:00,solar,SP_5,,,,,27.68,6.93,50.01,777.96,29.66,48.28,11.58,473.46,1.3,normal,481
2025-01-17 10:00:00,wind,WT_2,16.18,8.61,55.59,109.57,,,,,31.51,46.14,11.64,570.23,4.07,normal,342
2025-01-17 11:00:00,solar,SP_2,,,,,31.36,6.09,48.59,791.55,24.62,71.04,6.38,769.65,1.32,normal,298
2025-01-17 12:00:00,wind,WT_3,13.38,19.07,51.55,101.51,,,,,23.63,69.84,9.37,624.77,1.86,panel_hotspot,44
2025-01-17 13:00:00,solar,SP_4,,,,,30.12,7.79,43.33,825.14,31.69,44.49,4.85,592.92,1.02,normal,283
2025-01-17 14:00:00,wind,WT_1,13.53,16.76,60.5,143.88,,,,,29.61,48.81,10.62,272.06,1.48,normal,283
2025-01-17 15:00:00,solar,SP_2,,,,,35.06,5.01,47.24,509.31,23.08,75.41,12.26,521.7,2.67,normal,462
